Type,Name,Cost,Capacity_F,Unit_Cost_cinv
C_inv,FI.CCGT_AMMONIA,4.48889e+13,5.8147e+10,771.99
C_inv,FI.BIOMASS_TO_POWER,3.10815e+13,1.85339e+10,1677.02
C_inv,FI.DHN_BOILER_GAS,1.02012e+13,1.16041e+11,87.91
C_inv,FI.DEC_HP_ELEC,5.35795e+13,1.08892e+11,492.04
C_inv,FI.DEC_COGEN_GAS,7.93443e+13,5.63511e+10,1408.03
C_inv,FI.DEC_COGEN_OIL,5.994e+13,4.59112e+10,1305.56
C_inv,FI.DEC_ADVCOGEN_GAS,3.4966e+14,4.82804e+10,7242.28
C_inv,FI.DEC_ADVCOGEN_H2,8.9588e+13,1.23701e+10,7242.28
C_inv,FI.DEC_BOILER_GAS,5.11709e+13,3.22773e+11,158.535
C_inv,FI.DEC_BOILER_WOOD,4.87119e+13,1.05337e+11,462.44
C_inv,FI.DEC_BOILER_OIL,4.0803e+13,2.86574e+11,142.382
C_inv,FI.DEC_DIRECT_ELEC,5.64746e+13,1.41273e+12,39.9757
C_inv,FI.DEC_ELEC_COLD,1.54374e+14,3.25569e+11,474.166
C_inv,FI.TRAMWAY_TROLLEY,3.75346e+13,6.00553e+10,625
C_inv,FI.BUS_COACH_HYDIESEL,2.37415e+13,2.84898e+10,833.333
C_inv,FI.BUS_COACH_CNG_STOICH,2.20378e+13,3.60619e+10,611.111
C_inv,FI.TRAIN_PUB,3.39566e+13,5.07314e+10,669.34
C_inv,FI.CAR_NG,1.73612e+13,4.04333e+10,429.38
C_inv,FI.PLANE_SHORT_HAUL,3.67227e+13,2.52208e+10,1456.05
C_inv,FI.TRAIN_FREIGHT,3.86737e+13,3.70383e+11,104.416
C_inv,FI.TRUCK_METHANOL,2.19449e+13,5.9133e+10,371.111
C_inv,FI.CARGO_FUELCELL_LH2,1.96862e+13,7.31234e+11,26.9219
C_inv,FI.CARGO_FUELCELL_AMMONIA,1.96943e+13,7.31535e+11,26.9219
C_inv,FI.CARGO_RETRO_METHANOL,4.06104e+12,1.30467e+12,3.1127
C_inv,FI.CARGO_RETRO_AMMONIA,5.66516e+12,1.17162e+12,4.8353
C_inv,FI.HABER_BOSCH,4.18495e+13,4.9409e+10,847
C_inv,FI.SYN_METHANOLATION,2.94277e+13,1.75201e+10,1679.65
C_inv,FI.METHANE_TO_METHANOL,2.75072e+13,2.86957e+10,958.582
C_inv,FI.BIOMASS_TO_METHANOL,3.39908e+13,7.49356e+09,4536
C_inv,FI.BIOWASTE_TO_METHANOL,3.21608e+13,7.09012e+09,4536
C_inv,FI.OIL_TO_HVC,2.9985e+13,7.59114e+10,395
C_inv,FI.GAS_TO_HVC,3.24964e+13,4.07427e+10,797.6
C_inv,FI.BIOMASS_TO_HVC,2.90655e+13,1.66756e+10,1743
C_inv,FI.METHANOL_TO_HVC,1.85675e+13,2.66316e+10,697.2
C_inv,FI.TS_DEC_DIRECT_ELEC,1.47117e+14,7.75453e+12,18.9718
C_inv,FI.TS_DEC_HP_ELEC,1.51896e+14,8.0064e+12,18.9718
C_inv,FI.TS_DEC_THHP_GAS,1.96341e+14,1.03491e+13,18.9718
C_inv,FI.TS_DEC_COGEN_GAS,1.63271e+14,8.60595e+12,18.9718
C_inv,FI.TS_DEC_COGEN_OIL,1.51075e+14,7.96313e+12,18.9718
C_inv,FI.TS_DEC_ADVCOGEN_GAS,1.78716e+14,9.42007e+12,18.9718
C_inv,FI.TS_DEC_ADVCOGEN_H2,1.45739e+14,7.68186e+12,18.9718
C_inv,FI.TS_DEC_BOILER_GAS,1.5095e+14,7.95654e+12,18.9718
C_inv,FI.TS_DEC_BOILER_WOOD,1.44038e+14,7.59218e+12,18.9718
C_inv,FI.TS_DEC_BOILER_OIL,1.4939e+14,7.87433e+12,18.9718
C_inv,FI.TS_DHN_DAILY,1.80826e+14,6.02753e+13,3
C_inv,FI.TS_DHN_SEASONAL,1.21024e+15,2.24118e+15,0.54
C_inv,FI.TS_HIGH_TEMP,5.31679e+17,1.89682e+16,28.03
C_inv,FI.GAS_STORAGE,6.97271e+14,1.36298e+16,0.051158
C_inv,FI.H2_STORAGE,1.84612e+15,2.98242e+14,6.19
C_inv,FI.DIESEL_STORAGE,1.7139e+14,1.7139e+16,0.01
C_inv,FI.JET_FUEL_STORAGE,3.82474e+18,3.82474e+20,0.01
C_inv,FI.GASOLINE_STORAGE,1.93069e+14,1.93069e+16,0.01
C_inv,FI.LFO_STORAGE,2.04969e+14,2.04969e+16,0.01
C_inv,FI.AMMONIA_STORAGE,2.04967e+14,2.04967e+16,0.01
C_inv,FI.METHANOL_STORAGE,1.82752e+14,1.82752e+16,0.01
C_inv,FI.CO2_STORAGE,1.89298e+15,3.8242e+13,49.5
C_inv,FI.PT_STORAGE,1.0307e+15,2.78892e+13,36.9568
C_inv,FI.ST_STORAGE,1.01545e+15,5.31677e+13,19.099
C_inv,FI.TS_COLD,1.27143e+15,5.08572e+13,25
C_inv,FI.CAES,7.28556e+14,1.87107e+13,38.938
C_inv,FI.DHN,9.58366e+13,1.16041e+11,825.883
C_inv,FI.HVAC_LINE,6.87267e+13,3.43633e+13,2
C_inv,FI.HVDC_SUBSEA,7.06676e+13,2.1811e+13,3.24
C_inv,FI.GAS_PIPELINE,8.1174e+13,6.05776e+14,0.134
C_inv,FI.GAS_SUBSEA,7.98297e+13,3.83797e+14,0.208
C_inv,FI.H2_RETROFITTED,7.13175e+13,2.00345e+14,0.355973
C_inv,FI.H2_NEW,7.47959e+13,1.65478e+14,0.452
C_inv,FI.H2_SUBSEA_RETRO,7.3007e+13,1.36957e+14,0.533067
C_inv,FI.H2_SUBSEA_NEW,7.72658e+13,1.06427e+14,0.726
C_inv,FI.H2_ELECTROLYSIS,3.05363e+13,3.85281e+10,792.572
C_inv,FI.H2_NG,7.68725e+13,1.12841e+11,681.244
C_inv,FI.H2_BIOMASS,2.18064e+13,8.6349e+09,2525.39
C_inv,FI.BIOMASS_TO_METHANE,2.66876e+13,9.72649e+09,2743.81
C_inv,FI.BIOWASTE_TO_METHANE,2.31487e+13,8.43672e+09,2743.81
C_inv,FI.SYN_METHANATION,3.93412e+13,1.50045e+11,262.197
C_inv,FI.BIOMETHANATION_WET_BIOMASS,3.33512e+13,3.38232e+10,986.047
C_inv,FI.BIOMETHANATION_BIOWASTE,3.33455e+13,3.38174e+10,986.047
C_inv,FI.BIOMASS_TO_GASOLINE,3.23076e+13,5.76097e+09,5608.01
C_inv,FI.BIOMASS_TO_DIESEL,3.23033e+13,5.7602e+09,5608.01
C_inv,FI.BIOMASS_TO_JET_FUEL,3.23028e+13,5.76012e+09,5608.01
C_inv,FI.BIOMASS_TO_LFO,3.23012e+13,5.75984e+09,5608.01
C_inv,FI.BIOWASTE_TO_GASOLINE,2.92259e+13,5.21146e+09,5608.01
C_inv,FI.BIOWASTE_TO_DIESEL,2.92224e+13,5.21084e+09,5608.01
C_inv,FI.BIOWASTE_TO_JET_FUEL,2.92229e+13,5.21091e+09,5608.01
C_inv,FI.BIOWASTE_TO_LFO,2.92219e+13,5.21075e+09,5608.01
C_inv,FI.ATM_CCS,4.80534e+13,9.31267e+09,5160
C_inv,FI.INDUSTRY_CCS,9.16109e+13,3.55081e+10,2580
C_inv,FI.POWER_TO_GASOLINE,2.45524e+13,8.21366e+09,2989.21
C_inv,FI.POWER_TO_DIESEL,2.45343e+13,8.20759e+09,2989.21
C_inv,FI.POWER_TO_JET_FUEL,2.45326e+13,8.20705e+09,2989.21
C_inv,FI.POWER_TO_LFO,2.462e+13,8.23627e+09,2989.21
C_inv,FI.H2_TO_GASOLINE,2.43488e+13,1.32742e+10,1834.29
C_inv,FI.H2_TO_DIESEL,2.43474e+13,1.32735e+10,1834.29
C_inv,FI.H2_TO_JET_FUEL,2.43488e+13,1.32742e+10,1834.29
C_inv,FI.H2_TO_LFO,2.43544e+13,1.32773e+10,1834.29
C_inv,FI.AMMONIA_TO_H2,1.93293e+13,2.83738e+10,681.24
