Technologies,F,f_min,f_max,F_year
NUCLEAR,0.0,0.0,0.0,0.0
NUCLEAR_SMR,0.0,0.0,0.0,0.0
CCGT,1.235680786649735,0.0,1000000000000000.0,1376.4117652244904
CCGT_AMMONIA,0.0,0.0,1000000000000000.0,0.0
COAL_US,0.0,0.0,1000000000000000.0,0.0
COAL_IGCC,0.0,0.0,1000000000000000.0,0.0
BIOMASS_TO_POWER,0.0,0.0,1000000000000000.0,0.35413102766117305
PV_ROOFTOP,0.8000001373349421,0.8,13.68,624.8591292257652
PV_UTILITY,0.500000885585219,0.5,58.78,390.50875820197695
PT_COLLECTOR,0.0,0.0,0.0,0.0
ST_COLLECTOR,0.0,0.0,0.0,0.0
PT_POWER_BLOCK,0.0,0.0,0.0,0.0
ST_POWER_BLOCK,0.0,0.0,0.0,0.0
WIND_ONSHORE,30.76999992413717,6.0,30.77,89612.48474509631
WIND_OFFSHORE,4.546838775860453,1.6,21.27,13289.418666242336
HYDRO_DAM,1.345000020985272,1.345,2.383000000000054,4.274799554698766
HYDRO_RIVER,3.264,3.264,3.264,23474.6269567166
TIDAL_STREAM,0.0,0.0,0.0,0.0
TIDAL_RANGE,0.0,0.0,0.0,0.0
WAVE,0.0,0.0,0.0,0.0
GEOTHERMAL,0.0,0.0,0.3,0.297841391214002
IND_COGEN_GAS,0.0,0.0,1000000000000000.0,0.0
IND_COGEN_WOOD,0.0,0.0,1000000000000000.0,0.0
IND_COGEN_WASTE,0.0,0.0,1000000000000000.0,0.0
IND_BOILER_GAS,0.0,0.0,1000000000000000.0,0.0
IND_BOILER_WOOD,5.840517575826612,0.0,1000000000000000.0,30719.394983729206
IND_BOILER_BIOWASTE,1.140394248065847,0.0,1000000000000000.0,7800.288860215449
IND_BOILER_OIL,0.0,0.0,1000000000000000.0,0.0
IND_BOILER_COAL,0.0,0.0,1000000000000000.0,0.0
IND_BOILER_WASTE,0.0,0.0,1000000000000000.0,0.0
IND_DIRECT_ELEC,6.980764886713644,0.0,1000000000000000.0,22632.560807619473
DHN_HP_ELEC,12.07992582057447,0.0,1000000000000000.0,55669.076128207766
DHN_COGEN_GAS,0.0,0.0,1000000000000000.0,0.0
DHN_COGEN_WOOD,0.0,0.0,1000000000000000.0,0.0
DHN_COGEN_WASTE,0.0,0.0,1000000000000000.0,0.0
DHN_BOILER_GAS,0.0,0.0,1000000000000000.0,0.0
DHN_BOILER_WOOD,0.0,0.0,1000000000000000.0,3.091090363695928
DHN_BOILER_OIL,0.0,0.0,1000000000000000.0,0.0
DHN_DEEP_GEO,0.0,0.0,0.0,0.0
DHN_SOLAR,0.0,0.0,56.34500012203442,0.10010815110222557
DEC_HP_ELEC,24.99312906566295,0.0,1000000000000000.0,36011.966768498656
DEC_THHP_GAS,0.0,0.0,1000000000000000.0,5.138616261945624
DEC_COGEN_GAS,0.0,0.0,1000000000000000.0,0.0
DEC_COGEN_OIL,0.0,0.0,1000000000000000.0,0.0
DEC_ADVCOGEN_GAS,0.0,0.0,1000000000000000.0,0.0
DEC_ADVCOGEN_H2,0.0,0.0,1000000000000000.0,0.0
DEC_BOILER_GAS,0.0,0.0,1000000000000000.0,0.0
DEC_BOILER_WOOD,10.41699113558101,0.0,1000000000000000.0,13234.533775147307
DEC_BOILER_OIL,0.0,0.0,1000000000000000.0,0.33715651643012345
DEC_SOLAR,1.082397585710302,0.0,56.34500012203442,2012.0977254794775
DEC_DIRECT_ELEC,0.0,0.0,1000000000000000.0,0.14498507870746843
DEC_ELEC_COLD,1.758999479472334,0.0,1000000000000000.0,2849.095383283357
DEC_THHP_GAS_COLD,0.0,0.0,0.0,0.0
IND_ELEC_COLD,0.4569288910861981,0.0,1000000000000000.0,3802.562231619338
TRAMWAY_TROLLEY,5.11072124229388,0.0,1000000000000000.0,15332.163558201488
BUS_COACH_DIESEL,0.0,0.0,1000000000000000.0,0.0
BUS_COACH_HYDIESEL,0.0,0.0,1000000000000000.0,0.0
BUS_COACH_CNG_STOICH,3.931223584156805,0.0,1000000000000000.0,10221.181293748523
BUS_COACH_FC_HYBRIDH2,0.0,0.0,1000000000000000.0,0.10806355226566194
TRAIN_PUB,10.6047465139447,0.0,1000000000000000.0,25553.605965914707
PLANE_SHORT_HAUL,3.838257412547976,0.0,1000000000000000.0,16808.20515827555
PLANE_H2_SHORT_HAUL,0.0,0.0,0.0,0.0
PLANE_LONG_HAUL,4.559982627294944,0.0,1000000000000000.0,20427.952946440157
CAR_GASOLINE,0.0,0.0,1000000000000000.0,0.0
CAR_DIESEL,0.0,0.0,1000000000000000.0,0.0
CAR_NG,0.0,0.0,1000000000000000.0,0.0
CAR_METHANOL,0.0,0.0,1000000000000000.0,0.0
CAR_HEV,0.0,0.0,1000000000000000.0,0.0
CAR_PHEV,0.0,0.0,1000000000000000.0,1.1279883794499164
CAR_BEV,76.21715679625197,0.0,1000000000000000.0,34297.72059223465
CAR_FUEL_CELL,0.0,0.0,1000000000000000.0,0.0
TRAIN_FREIGHT,4.322703935763965,0.0,1000000000000000.0,12968.110529261325
BOAT_FREIGHT_DIESEL,0.0,0.0,1000000000000000.0,0.22903669842958455
BOAT_FREIGHT_NG,15.55807776563006,0.0,1000000000000000.0,15558.077706337888
BOAT_FREIGHT_METHANOL,0.0,0.0,1000000000000000.0,3.426365210413809
CARGO_LFO,21.29788125542893,0.0,1000000000000000.0,137999.2221869746
CARGO_LNG,0.0,0.0,1000000000000000.0,0.0
CARGO_METHANOL,0.0,0.0,1000000000000000.0,0.0
CARGO_AMMONIA,0.0,0.0,1000000000000000.0,0.0
CARGO_FUELCELL_LH2,0.0,0.0,1000000000000000.0,0.0
CARGO_FUELCELL_AMMONIA,11.02577235522434,0.0,1000000000000000.0,71441.28354217956
CARGO_RETRO_METHANOL,0.0,0.0,1000000000000000.0,0.0
CARGO_RETRO_AMMONIA,0.0,0.0,1000000000000000.0,0.0
TRUCK_DIESEL,0.0,0.0,1000000000000000.0,0.0
TRUCK_METHANOL,0.0,0.0,1000000000000000.0,0.0
TRUCK_FUEL_CELL,28.77798753890351,0.0,1000000000000000.0,23342.14627061312
TRUCK_ELEC,0.0,0.0,1000000000000000.0,0.0
TRUCK_NG,0.0,0.0,1000000000000000.0,0.0
EFFICIENCY,0.9852216748768474,0.0,1000000000000000.0,0.0
DHN,12.0819672819925,0.0,1000000000000000.0,52797.37816047584
GRID,1.136070228815534,0.0,1000000000000000.0,4964.42844278539
HVAC_LINE,0.01828401795837922,0.0,1000000000000000.0,79.8980557905673
HVDC_SUBSEA,0.01161403090657356,0.0,1000000000000000.0,50.75129612655495
GAS_PIPELINE,0.4176566865822517,0.0,1000000000000000.0,1825.1512465467783
GAS_SUBSEA,0.2547701149132274,0.0,1000000000000000.0,1113.3271866492398
H2_RETROFITTED,0.1149926183030372,0.0,1000000000000000.0,502.5035256334959
H2_NEW,0.09672389385242075,0.0,1000000000000000.0,422.67071132332075
H2_SUBSEA_RETRO,0.07844205150774289,0.0,1000000000000000.0,342.78083021878325
H2_SUBSEA_NEW,0.06231659565931721,0.0,1000000000000000.0,272.31437324828386
H2_ELECTROLYSIS,2.431465529734283,0.0,1000000000000000.0,12290.55162063261
H2_NG,0.0,0.0,1000000000000000.0,0.0
H2_BIOMASS,0.0,0.0,1000000000000000.0,0.0
BIOMASS_TO_METHANE,0.7271279147837834,0.0,1000000000000000.0,5414.194158850848
BIOWASTE_TO_METHANE,0.0,0.0,1000000000000000.0,0.2699733152041591
SYN_METHANATION,0.0,0.0,1000000000000000.0,0.5440382969151535
BIOMETHANATION_WET_BIOMASS,0.1948192500389636,0.0,1000000000000000.0,1450.6222462599865
BIOMETHANATION_BIOWASTE,0.0,0.0,1000000000000000.0,0.0
BIOMASS_TO_GASOLINE,0.0,0.0,1000000000000000.0,0.0
BIOMASS_TO_DIESEL,0.3585689495998388,0.0,1000000000000000.0,2858.3679089012494
BIOMASS_TO_JET_FUEL,0.3153397967708254,0.0,1000000000000000.0,2513.7624336058384
BIOMASS_TO_LFO,0.0,0.0,1000000000000000.0,0.0
BIOWASTE_TO_GASOLINE,0.0,0.0,1000000000000000.0,0.0
BIOWASTE_TO_DIESEL,0.0,0.0,1000000000000000.0,0.27599452487323395
BIOWASTE_TO_JET_FUEL,0.0,0.0,1000000000000000.0,0.275848685105723
BIOWASTE_TO_LFO,0.0,0.0,1000000000000000.0,0.0
DIESEL_TO_JET_FUEL,694.2236508426746,0.0,1000000000000000.0,10459.659987506882
ATM_CCS,0.0,0.0,1000000000000000.0,0.0
INDUSTRY_CCS,0.0,0.0,1000000000000000.0,0.2942125914968207
SYN_METHANOLATION,0.0,0.0,1000000000000000.0,0.0
METHANE_TO_METHANOL,0.0,0.0,1000000000000000.0,0.0
BIOMASS_TO_METHANOL,0.05601200321868213,0.0,1000000000000000.0,490.6403175643784
BIOWASTE_TO_METHANOL,0.0,0.0,1000000000000000.0,0.3882423692632977
HABER_BOSCH,0.3130696795136373,0.0,1000000000000000.0,1452.2794439630663
POWER_TO_GASOLINE,0.0,0.0,1000000000000000.0,0.0
POWER_TO_DIESEL,0.0,0.0,1000000000000000.0,0.1030476064972528
POWER_TO_JET_FUEL,0.0,0.0,1000000000000000.0,0.1029867360783586
POWER_TO_LFO,0.0,0.0,1000000000000000.0,0.0
H2_TO_GASOLINE,0.0,0.0,1000000000000000.0,0.0
H2_TO_DIESEL,0.0,0.0,1000000000000000.0,0.0
H2_TO_JET_FUEL,0.0,0.0,1000000000000000.0,0.0
H2_TO_LFO,0.0,0.0,1000000000000000.0,0.0
AMMONIA_TO_H2,0.0,0.0,1000000000000000.0,0.0
OIL_TO_HVC,0.0,0.0,1000000000000000.0,0.0
GAS_TO_HVC,0.0,0.0,1000000000000000.0,0.0
BIOMASS_TO_HVC,1.336188685283908,0.0,1000000000000000.0,11704.956274413442
METHANOL_TO_HVC,0.0,0.0,1000000000000000.0,0.0
BATT_LI,0.0,0.0,1000000000000000.0,-0.013187368350314097
CAES,0.01314545139813915,0.0,1000000000000000.0,-1.097933338728103
BEV_BATT,75.61225872644044,0.0,1000000000000000.0,-926.2518635013186
PHEV_BATT,0.0,0.0,1000000000000000.0,-0.018290073925921416
DAM_STORAGE,0.0,0.0,0.0,-0.08506846939553145
PHS,0.0,0.0,0.0,-0.03431582679720938
TS_DEC_DIRECT_ELEC,0.0,0.0,1000000000000000.0,-0.03861258094522487
TS_DEC_HP_ELEC,2.426189310356144,0.0,1000000000000000.0,-29.83757123396872
TS_DEC_THHP_GAS,0.0,0.0,1000000000000000.0,-0.04970300099124669
TS_DEC_COGEN_GAS,0.0,0.0,1000000000000000.0,-0.03158890068035724
TS_DEC_COGEN_OIL,0.0,0.0,1000000000000000.0,-0.03255401913279981
TS_DEC_ADVCOGEN_GAS,0.0,0.0,1000000000000000.0,-0.030500118733358308
TS_DEC_ADVCOGEN_H2,0.0,0.0,1000000000000000.0,-0.03037627634534602
TS_DEC_BOILER_GAS,0.0,0.0,1000000000000000.0,-0.029969647305636365
TS_DEC_BOILER_WOOD,3.893115959832675,0.0,1000000000000000.0,-53.85244943016529
TS_DEC_BOILER_OIL,0.0,0.0,1000000000000000.0,-0.02734968044243201
TS_DHN_DAILY,0.03637432875958808,0.0,1000000000000000.0,-0.06025523215023054
TS_DHN_SEASONAL,18539.13409596414,0.0,1000000000000000.0,-4471.428031159429
TS_HIGH_TEMP,0.0,0.0,1000000000000000.0,-0.004734588577514614
GAS_STORAGE,1405.600152822713,0.0,1000000000000000.0,-26.116655975267058
H2_STORAGE,274.1664848087753,0.0,1000000000000000.0,-377.93640025546887
DIESEL_STORAGE,145.3290060084096,0.0,1000000000000000.0,-1.6545641801091193e-09
JET_FUEL_STORAGE,145.9559175837634,0.0,1000000000000000.0,-2.547377309092269e-09
GASOLINE_STORAGE,43.64061035870927,0.0,1000000000000000.0,-4.156024691059912e-10
LFO_STORAGE,88.41797547599667,0.0,1000000000000000.0,-1.0181887277749269e-09
AMMONIA_STORAGE,511.1439068578703,0.0,1000000000000000.0,5.335567765385463e-09
METHANOL_STORAGE,43.6329799807655,0.0,1000000000000000.0,-7.249778555262765e-11
PT_STORAGE,0.01419643344054124,0.0,1000000000000000.0,0.0
ST_STORAGE,0.02742894767210311,0.0,1000000000000000.0,0.0
TS_COLD,0.83757574042882,0.0,1000000000000000.0,-12.639262712269947
CO2_STORAGE,0.01841933476048715,0.0,1000000000000000.0,2.097853141203032e-13
