Resources,avail_local,avail_exterior,R_year_local,R_year_exterior,R_year_import,R_year_export
ELECTRICITY,0.0,25000.0,0.0,0.0,0.0,0.0
GASOLINE,0.0,1000000000000000.0,0.0,0.0,0.0,0.0
DIESEL,0.0,1000000000000000.0,0.0,7599.882626040151,0.0,0.0
GASOLINE_RE,0.0,1000000000000000.0,0.0,0.0,0.0,0.0
DIESEL_RE,0.0,1000000000000000.0,0.0,0.0,0.0,0.0
LFO,0.0,1000000000000000.0,0.0,0.0,0.0,0.0
LFO_RE,0.0,1000000000000000.0,0.0,0.0,0.0,0.0
JET_FUEL,0.0,1000000000000000.0,0.0,29.634578580208384,0.0,0.0
JET_FUEL_RE,0.0,1000000000000000.0,0.0,0.0,0.0,0.0
GAS,0.0,1000000000000000.0,0.0,0.0,0.0,0.0
GAS_RE,0.0,1000000000000000.0,0.0,0.0,0.0,0.0
WOOD,0.0,0.0,0.0,0.0,0.0,0.0
WOOD_FI1,45442.0,0.0,45441.99982593393,0.0,0.0,0.0
WOOD_FI2,38214.0,0.0,38213.99940241114,0.0,0.0,0.0
WOOD_FI3,12543.0,0.0,12542.964335840375,0.0,0.0,0.0
WOOD_FI4,5420.0,0.0,0.5677804107731175,0.0,0.0,0.0
WOOD_FI5,1000000.0,0.0,0.023153645969276687,0.0,0.0,0.0
WET_BIOMASS,1450.622309335963,0.0,1450.6222310937646,0.0,0.0,0.0
ENERGY_CROPS_2,7754.110000000001,0.0,7754.10919283923,0.0,0.0,0.0
BIOWASTE,4720.944444444444,0.0,4720.944338618442,0.0,0.0,0.0
BIOMASS_RESIDUES,4985.241666666667,0.0,4985.241415812602,0.0,0.0,0.0
COAL,0.0,0.0,0.0,0.0,0.0,0.0
URANIUM,0.0,1000000000000000.0,0.0,0.0,0.0,0.0
WASTE,11095.02,0.0,0.116108244265318,0.0,0.0,0.0
H2,0.0,1000000000000000.0,0.0,0.0,0.0,0.0
H2_RE,0.0,1000000000000000.0,0.0,0.0,0.0,0.0
AMMONIA,0.0,1000000000000000.0,0.0,0.0,0.0,0.0
METHANOL,0.0,1000000000000000.0,0.0,0.0,0.0,0.0
AMMONIA_RE,0.0,1000000000000000.0,0.0,0.0,0.0,0.0
METHANOL_RE,0.0,1000000000000000.0,0.0,0.0,0.0,0.0
CO2_EMISSIONS,0.0,1000000000000000.0,0.0,34026.04980496274,0.0,0.0
RES_WIND,1000000000000000.0,0.0,105128.372965353,0.0,0.0,0.0
RES_SOLAR,1000000000000000.0,0.0,2617.2104054430447,0.0,0.0,0.0
RES_HYDRO,1000000000000000.0,0.0,23445.34742700932,0.0,0.0,0.0
RES_GEO,1000000000000000.0,0.0,0.36848170924062956,0.0,0.0,0.0
CO2_ATM,0.0,1000000000000000.0,0.0,0.017329194498821494,0.0,0.0
CO2_INDUSTRY,0.0,0.0,0.0,0.0,0.0,0.0
CO2_CAPTURED,0.0,0.0,0.0,0.0,0.0,0.0
PT_HEAT,0.0,0.0,0.0,0.0,0.0,0.0
ST_HEAT,0.0,0.0,0.0,0.0,0.0,0.0
