Elements,GWP_constr,GWP_op,CO2_net
NUCLEAR,51.439281064328284,0.0,0.0
NUCLEAR_SMR,0.0,0.0,0.0
CCGT,0.0,0.0,0.0
CCGT_AMMONIA,0.0,0.0,0.0
COAL_US,0.0,0.0,0.0
COAL_IGCC,0.0,0.0,0.0
BIOMASS_TO_POWER,0.0,0.0,0.0
PV_ROOFTOP,66.60577012583951,0.0,0.0
PV_UTILITY,41.628623874628154,0.0,0.0
PT_COLLECTOR,0.0,0.0,0.0
ST_COLLECTOR,0.0,0.0,0.0
PT_POWER_BLOCK,0.0,0.0,0.0
ST_POWER_BLOCK,0.0,0.0,0.0
WIND_ONSHORE,638.836473248689,0.0,0.0
WIND_OFFSHORE,33.21866915825987,0.0,0.0
HYDRO_DAM,56.92309115026247,0.0,0.0
HYDRO_RIVER,103.046112,0.0,0.0
TIDAL_STREAM,0.0,0.0,0.0
TIDAL_RANGE,0.0,0.0,0.0
WAVE,0.0,0.0,0.0
GEOTHERMAL,0.010080058405864721,0.0,0.0
IND_COGEN_GAS,0.0,0.0,0.0
IND_COGEN_WOOD,0.0,0.0,0.0
IND_COGEN_WASTE,0.0,0.0,0.0
IND_BOILER_GAS,0.0,0.0,0.0
IND_BOILER_WOOD,9.571675548054065,0.0,0.0
IND_BOILER_BIOWASTE,2.283461583353895,0.0,0.0
IND_BOILER_OIL,0.0,0.0,0.0
IND_BOILER_COAL,0.0,0.0,0.0
IND_BOILER_WASTE,0.0,0.0,0.0
IND_DIRECT_ELEC,0.684123192762026,0.0,0.0
DHN_HP_ELEC,73.56377469766524,0.0,0.0
DHN_COGEN_GAS,0.0,0.0,0.0
DHN_COGEN_WOOD,0.0,0.0,0.0
DHN_COGEN_WASTE,0.0,0.0,0.0
DHN_BOILER_GAS,0.0,0.0,0.0
DHN_BOILER_WOOD,0.0,0.0,0.0
DHN_BOILER_OIL,0.0,0.0,0.0
DHN_DEEP_GEO,0.0,0.0,0.0
DHN_SOLAR,0.0,0.0,0.0
DEC_HP_ELEC,324.67052307804556,0.0,0.0
DEC_THHP_GAS,1.89289751015977,0.0,0.0
DEC_COGEN_GAS,0.0,0.0,0.0
DEC_COGEN_OIL,0.0,0.0,0.0
DEC_ADVCOGEN_GAS,0.0,0.0,0.0
DEC_ADVCOGEN_H2,0.0,0.0,0.0
DEC_BOILER_GAS,0.0,0.0,0.0
DEC_BOILER_WOOD,0.0,0.0,0.0
DEC_BOILER_OIL,0.0,0.0,0.0
DEC_SOLAR,0.13879943240143705,0.0,0.0
DEC_DIRECT_ELEC,0.0,0.0,0.0
DEC_ELEC_COLD,14.502053864325674,0.0,0.0
DEC_THHP_GAS_COLD,0.0,0.0,0.0
IND_ELEC_COLD,3.9933300436478283,0.0,0.0
TRAMWAY_TROLLEY,0.0,0.0,0.0
BUS_COACH_DIESEL,0.0,0.0,0.0
BUS_COACH_HYDIESEL,0.0,0.0,0.0
BUS_COACH_CNG_STOICH,0.0,0.0,0.0
BUS_COACH_FC_HYBRIDH2,0.0,0.0,0.0
TRAIN_PUB,0.0,0.0,0.0
PLANE_SHORT_HAUL,0.0,0.0,0.0
PLANE_H2_SHORT_HAUL,0.0,0.0,0.0
PLANE_LONG_HAUL,0.0,0.0,0.0
CAR_GASOLINE,0.0,0.0,0.0
CAR_DIESEL,0.0,0.0,0.0
CAR_NG,0.0,0.0,0.0
CAR_METHANOL,0.0,0.0,0.0
CAR_HEV,0.0,0.0,0.0
CAR_PHEV,0.0,0.0,0.0
CAR_BEV,0.0,0.0,0.0
CAR_FUEL_CELL,0.0,0.0,0.0
TRAIN_FREIGHT,0.0,0.0,0.0
BOAT_FREIGHT_DIESEL,0.0,0.0,0.0
BOAT_FREIGHT_NG,0.0,0.0,0.0
BOAT_FREIGHT_METHANOL,0.0,0.0,0.0
CARGO_LFO,0.0,0.0,0.0
CARGO_LNG,0.0,0.0,0.0
CARGO_METHANOL,0.0,0.0,0.0
CARGO_AMMONIA,0.0,0.0,0.0
CARGO_FUELCELL_LH2,0.0,0.0,0.0
CARGO_FUELCELL_AMMONIA,0.0,0.0,0.0
CARGO_RETRO_METHANOL,0.0,0.0,0.0
CARGO_RETRO_AMMONIA,0.0,0.0,0.0
TRUCK_DIESEL,0.0,0.0,0.0
TRUCK_METHANOL,0.0,0.0,0.0
TRUCK_FUEL_CELL,0.0,0.0,0.0
TRUCK_ELEC,0.0,0.0,0.0
TRUCK_NG,0.0,0.0,0.0
EFFICIENCY,0.0,0.0,0.0
DHN,0.0,0.0,0.0
GRID,0.0,0.0,0.0
HVAC_LINE,0.0,0.0,0.0
HVDC_SUBSEA,0.0,0.0,0.0
GAS_PIPELINE,0.0,0.0,0.0
GAS_SUBSEA,0.0,0.0,0.0
H2_RETROFITTED,0.0,0.0,0.0
H2_NEW,0.0,0.0,0.0
H2_SUBSEA_RETRO,0.0,0.0,0.0
H2_SUBSEA_NEW,0.0,0.0,0.0
H2_ELECTROLYSIS,0.0,0.0,0.0
H2_NG,0.0,0.0,0.0
H2_BIOMASS,0.0,0.0,0.0
BIOMASS_TO_METHANE,0.0,0.0,0.0
BIOWASTE_TO_METHANE,0.0,0.0,0.0
SYN_METHANATION,0.0,0.0,0.0
BIOMETHANATION_WET_BIOMASS,0.0,0.0,0.0
BIOMETHANATION_BIOWASTE,0.0,0.0,0.0
BIOMASS_TO_GASOLINE,0.0,0.0,0.0
BIOMASS_TO_DIESEL,0.0,0.0,0.0
BIOMASS_TO_JET_FUEL,0.0,0.0,0.0
BIOMASS_TO_LFO,0.0,0.0,0.0
BIOWASTE_TO_GASOLINE,0.0,0.0,0.0
BIOWASTE_TO_DIESEL,0.0,0.0,0.0
BIOWASTE_TO_JET_FUEL,0.0,0.0,0.0
BIOWASTE_TO_LFO,0.0,0.0,0.0
DIESEL_TO_JET_FUEL,0.0,0.0,0.0
ATM_CCS,0.0,0.0,0.0
INDUSTRY_CCS,0.0,0.0,0.0
SYN_METHANOLATION,0.0,0.0,0.0
METHANE_TO_METHANOL,0.0,0.0,0.0
BIOMASS_TO_METHANOL,0.0,0.0,0.0
BIOWASTE_TO_METHANOL,0.0,0.0,0.0
HABER_BOSCH,0.0,0.0,0.0
POWER_TO_GASOLINE,0.0,0.0,0.0
POWER_TO_DIESEL,0.0,0.0,0.0
POWER_TO_JET_FUEL,0.0,0.0,0.0
POWER_TO_LFO,0.0,0.0,0.0
H2_TO_GASOLINE,0.0,0.0,0.0
H2_TO_DIESEL,0.0,0.0,0.0
H2_TO_JET_FUEL,0.0,0.0,0.0
H2_TO_LFO,0.0,0.0,0.0
AMMONIA_TO_H2,0.0,0.0,0.0
OIL_TO_HVC,0.0,0.0,0.0
GAS_TO_HVC,0.0,0.0,0.0
BIOMASS_TO_HVC,0.0,0.0,0.0
METHANOL_TO_HVC,0.0,0.0,0.0
BATT_LI,0.0,0.0,0.0
CAES,0.0,0.0,0.0
BEV_BATT,0.0,0.0,0.0
PHEV_BATT,0.0,0.0,0.0
DAM_STORAGE,0.0,0.0,0.0
PHS,0.0,0.0,0.0
TS_DEC_DIRECT_ELEC,0.0,0.0,0.0
TS_DEC_HP_ELEC,0.0,0.0,0.0
TS_DEC_THHP_GAS,0.0,0.0,0.0
TS_DEC_COGEN_GAS,0.0,0.0,0.0
TS_DEC_COGEN_OIL,0.0,0.0,0.0
TS_DEC_ADVCOGEN_GAS,0.0,0.0,0.0
TS_DEC_ADVCOGEN_H2,0.0,0.0,0.0
TS_DEC_BOILER_GAS,0.0,0.0,0.0
TS_DEC_BOILER_WOOD,0.0,0.0,0.0
TS_DEC_BOILER_OIL,0.0,0.0,0.0
TS_DHN_DAILY,0.0,0.0,0.0
TS_DHN_SEASONAL,0.0,0.0,0.0
TS_HIGH_TEMP,0.0,0.0,0.0
GAS_STORAGE,0.0,0.0,0.0
H2_STORAGE,0.0,0.0,0.0
DIESEL_STORAGE,0.0,0.0,0.0
JET_FUEL_STORAGE,0.0,0.0,0.0
GASOLINE_STORAGE,0.0,0.0,0.0
LFO_STORAGE,0.0,0.0,0.0
AMMONIA_STORAGE,0.0,0.0,0.0
METHANOL_STORAGE,0.0,0.0,0.0
PT_STORAGE,0.0,0.0,0.0
ST_STORAGE,0.0,0.0,0.0
TS_COLD,0.0,0.0,0.0
CO2_STORAGE,0.0,0.0,0.0
ELECTRICITY,0.0,0.0,0.0
GASOLINE,0.0,0.0,0.0
DIESEL,0.0,2392.569032939864,2052.076362432539
GASOLINE_RE,0.0,0.0,0.0
DIESEL_RE,0.0,0.0,0.0
LFO,0.0,0.0,0.0
LFO_RE,0.0,0.0,0.0
JET_FUEL,0.0,9.178998529898308,7.87271157265738
JET_FUEL_RE,0.0,0.0,0.0
GAS,0.0,0.0,0.0
GAS_RE,0.0,0.0,0.0
WOOD,0.0,0.0,0.0
WOOD_FI1,0.0,545.2999964673702,0.0
WOOD_FI2,0.0,431.8609165994864,0.0
WOOD_FI3,0.0,0.0,0.0
WOOD_FI4,0.0,0.0,0.0
WOOD_FI5,0.0,0.0,0.0
WET_BIOMASS,0.0,15.31856946752123,0.0
ENERGY_CROPS_2,0.0,0.0,0.0
BIOWASTE,0.0,70.24765096197623,0.0
BIOMASS_RESIDUES,0.0,16.15218121264816,0.0
COAL,0.0,0.0,0.0
URANIUM,0.0,341.7910942701163,0.0
WASTE,0.0,0.02934463973554439,0.05086404220827691
H2,0.0,0.0,0.0
H2_RE,0.0,0.0,0.0
AMMONIA,0.0,0.0,0.0
METHANOL,0.0,0.0,0.0
AMMONIA_RE,0.0,0.0,0.0
METHANOL_RE,0.0,0.0,0.0
CO2_EMISSIONS,0.0,0.0,0.0
RES_WIND,0.0,0.0,0.0
RES_SOLAR,0.0,0.0,0.0
RES_HYDRO,0.0,0.0,0.0
RES_GEO,0.0,0.0,0.0
CO2_ATM,0.0,0.0,0.0
CO2_INDUSTRY,0.0,0.0,0.0
CO2_CAPTURED,0.0,0.0,0.0
PT_HEAT,0.0,0.0,0.0
ST_HEAT,0.0,0.0,0.0
